Protein,WT,WT,AT2G25560,AT2G25560,WT
AT5G52040,410,464,545,558,0
AT3G44310,179,199,264,217,0
AT2G25170,1,0,190,244,0
AT2G25560,5,0,188,193,0
AT1G08600,3,0,156,199,0
AT3G44690,83,77,122,148,0
AT5G02500,33,23,76,100,1
AT3G15730,53,58,66,75,0
AT1G19480,40,37,57,54,0
AT3G08590,38,44,47,88,0
AT1G48120,20,16,41,47,0
AT1G01730,0,0,40,31,0
AT1G64880,16,24,37,44,0
ATCG00490,30,42,36,49,0
AT1G43170,26,27,32,32,0
AT3G62870,21,25,32,26,0
AT3G55870,6,11,32,27,0
AT3G08530,17,5,31,28,0
AT5G26742,21,20,29,30,0
AT5G52040,4,3,29,8,0
AT1G71080,22,28,28,33,0
AT3G44320,18,15,27,17,0
AT3G09630,22,24,25,25,0
AT2G29560,17,24,23,17,0
AT2G19520,3,2,22,15,0
AT5G10360,19,19,22,22,0
AT5G07090,14,12,21,19,0
AT3G04840,6,6,20,19,0
AT5G35200,17,9,20,21,0
AT2G27530,20,28,19,22,0
AT1G56070,2,6,19,29,0
AT1G29250,14,22,18,22,3
AT5G20290,12,14,18,21,0
AT2G01250,12,14,18,17,0
AT2G18020,21,22,18,29,0
AT5G62700,8,2,18,24,0
ATCG01310,17,10,18,16,0
AT5G49910,0,3,17,23,0
AT4G35630,25,6,17,37,0
AT3G49010,11,12,16,13,1
AT5G43960,8,7,16,18,0
AT4G14960,4,2,15,25,6
AT1G27090,14,12,15,17,0
AT4G10320,10,0,15,18,0
AT1G61850,12,9,14,13,0
AT2G32080,12,13,14,21,0
AT5G51750,11,15,14,16,0
AT5G65770,0,0,14,18,0
AT5G42020,13,6,13,29,3
AT3G03540,19,10,13,9,0
AT3G09440,5,0,13,16,0
AT3G49910,8,17,13,16,0
AT3G52930,10,10,13,17,0
AT4G38970,6,8,13,12,0
AT4G39880,10,14,13,12,0
AT5G36160,10,6,13,9,0
AT5G52040,7,8,13,14,0
AT5G24780,21,13,12,23,3
AT5G27850,8,11,12,15,0
AT2G41840,13,7,12,14,0
AT2G44730,0,0,12,16,0
AT3G60770,6,9,12,16,0
AT5G15200,8,12,12,11,0
AT5G59970,6,2,11,17,0
AT3G62250,12,3,11,19,1
AT2G43030,11,15,11,17,2
AT4G18100,6,12,11,13,0
AT1G55490,3,4,11,16,0
AT3G20820,14,7,11,18,0
AT3G24830,13,18,11,19,0
AT3G63500,0,0,11,20,0
AT4G20850,12,5,11,15,0
AT4G37800,11,6,11,16,0
AT5G02870,7,7,11,9,0
AT5G09590,0,1,10,18,1
AT3G25920,10,8,10,14,4
AT5G63420,2,7,10,6,0
AT4G16720,13,14,10,16,0
AT1G07890,2,4,10,5,0
AT1G52570,1,6,10,11,0
AT1G73460,1,0,10,7,0
AT2G44120,4,6,10,13,0
AT3G09200,7,8,10,11,0
AT3G29410,7,5,10,11,0
AT4G15000,13,8,10,12,0
AT4G16143,1,5,10,17,0
AT4G33680,6,8,10,10,0
AT5G06600,0,0,10,6,0
AT5G47210,6,5,10,8,0
AT2G34480,7,3,10,9,1
AT1G08360,7,5,9,11,2
AT2G21660,9,9,9,9,4
AT1G02780,6,11,9,6,0
AT1G48410,7,1,9,9,0
AT1G59359,7,6,9,9,0
AT1G65440,8,4,9,6,0
AT1G66580,11,9,9,13,0
AT1G74060,8,9,9,9,0
AT3G06650,0,6,9,10,0
AT3G09820,13,10,9,12,0
AT3G23600,11,7,9,11,0
AT3G25860,9,10,9,11,0
AT3G55280,8,8,9,7,0
AT5G59950,11,10,9,12,0
AT2G39730,4,1,9,11,1
AT3G11510,7,5,8,6,4
AT1G52400,4,1,8,14,0
AT1G78630,10,8,8,8,0
AT5G07530,7,9,8,6,0
AT1G26110,5,1,8,4,0
AT1G48560,0,0,8,12,0
AT2G17630,5,3,8,16,0
AT3G17390,2,3,8,13,0
AT3G23990,2,1,8,8,0
AT3G44300,4,1,8,3,0
AT5G02490,1,0,8,10,0
AT5G02530,10,8,8,12,0
AT5G26710,13,5,8,24,0
AT5G60100,2,1,8,7,0
AT1G01300,7,5,7,10,0
AT2G34160,1,7,7,5,0
AT5G39740,2,6,7,9,0
AT5G63110,7,3,7,8,0
AT5G67630,0,0,7,7,0
AT1G35160,3,1,6,7,1
AT1G01510,0,0,6,11,0
AT1G14770,0,0,6,5,0
AT1G26630,5,3,6,8,0
AT1G34430,5,4,6,6,0
AT1G70600,4,6,6,4,0
AT1G77940,7,4,6,8,0
AT2G20580,0,0,6,7,0
AT2G21060,3,0,6,2,0
AT2G28000,3,2,6,7,0
AT2G29550,1,0,6,7,0
AT2G40660,4,3,6,11,0
AT2G47610,4,1,6,2,0
AT3G01500,2,2,6,6,0
AT3G06810,0,0,6,7,0
AT3G19120,0,0,6,5,0
AT3G56340,4,3,6,8,0
AT4G16155,5,4,6,6,0
AT5G02450,4,10,6,5,0
AT5G18380,1,1,6,5,0
ATCG00790,2,5,6,4,0
ATCG01240,6,5,6,6,0
AT5G25980,10,5,5,3,23
AT1G20220,4,3,5,4,2
AT3G53230,2,1,5,7,0
AT1G02500,0,1,5,7,0
AT1G02840,3,3,5,12,0
AT4G02990,0,0,1,0,0
AT1G04410,3,1,5,6,0
AT1G07930,5,1,5,10,0
AT1G24020,5,2,5,5,0
AT1G71220,0,0,5,4,0
AT2G27710,3,6,5,4,0
AT3G07010,1,5,5,8,0
AT3G12800,2,3,5,2,0
AT3G13930,2,2,5,5,0
AT3G18740,2,4,5,6,0
AT3G26650,0,0,5,9,0
AT4G02230,3,5,5,2,0
AT4G21280,4,3,5,5,0
AT4G34670,4,4,5,7,0
AT4G35090,5,8,5,7,0
AT4G36130,8,7,5,4,0
AT5G23900,2,3,5,5,0
AT5G38420,3,3,5,8,0
AT5G48160,0,0,5,13,0
AT5G56030,1,2,5,9,0
AT5G57020,0,0,5,4,0
ATCG00380,5,4,5,5,0
ATCG00660,4,4,5,6,0
AT5G09810,11,4,5,6,1
AT2G19540,1,1,4,2,0
AT5G10980,0,0,4,6,0
AT1G26880,3,4,4,7,0
AT4G18905,3,2,4,3,0
AT1G35680,0,3,4,3,0
AT1G22300,1,3,4,4,0
AT2G28790,5,6,4,4,0
AT1G04270,1,3,4,2,0
AT1G13440,5,1,4,10,0
AT1G20020,1,0,4,7,0
AT1G20620,2,3,4,5,0
AT1G29350,0,3,4,4,0
AT1G33240,0,0,4,8,0
AT1G54270,0,2,4,9,0
AT1G70180,4,5,4,7,0
AT1G78900,1,1,4,4,0
AT2G01140,3,2,4,4,0
AT2G31610,1,2,4,9,0
AT2G33340,6,0,4,6,0
AT3G04670,0,0,4,4,0
AT3G06720,0,0,4,6,0
AT3G07110,5,4,4,6,0
AT3G11630,1,1,4,3,0
AT3G13580,2,3,4,2,0
AT3G16080,1,5,4,1,0
AT3G26060,2,4,4,2,0
AT3G27850,2,1,4,4,0
AT3G28500,3,2,4,5,0
AT3G44110,0,2,4,5,0
AT3G47070,2,2,4,3,0
AT3G48930,4,6,4,10,0
AT3G55220,3,2,4,11,0
AT3G60245,2,5,4,5,0
AT4G03120,1,2,4,3,0
AT4G29270,4,12,4,3,0
AT4G34980,4,7,4,6,0
AT4G38680,1,1,4,5,0
AT5G16050,1,0,4,3,0
AT5G17920,1,1,4,7,0
AT5G26000,3,4,4,6,0
AT5G48900,3,2,4,2,0
AT5G60790,0,0,4,7,0
AT5G65730,5,1,4,7,0
ATCG00810,4,1,4,7,0
AT1G76010,0,4,3,4,1
AT1G18540,5,2,3,4,0
AT1G67090,1,1,3,4,0
AT4G21620,2,1,3,3,0
AT3G23450,2,3,3,7,0
AT5G19780,0,1,3,4,1
AT1G06760,2,0,3,1,0
AT1G20010,0,0,3,3,0
AT1G24260,0,0,3,6,0
AT1G33140,2,0,3,7,0
AT1G47128,4,0,3,7,0
AT1G53750,0,0,3,4,0
AT1G67430,2,5,3,5,0
AT1G72260,0,2,3,1,0
AT1G74970,2,2,3,2,0
AT1G75660,2,1,3,1,0
AT2G19070,4,2,3,2,0
AT2G23930,3,1,3,1,0
AT2G41530,0,1,3,2,0
AT2G42520,5,2,3,7,0
AT3G03570,0,0,3,2,0
AT3G04920,2,3,3,2,0
AT3G07780,0,0,3,8,0
AT3G15190,0,0,3,3,0
AT3G45140,2,5,3,6,0
AT3G53020,7,6,3,8,0
AT3G53740,1,2,3,2,0
AT3G55410,0,4,3,4,0
AT3G55440,1,2,3,2,0
AT3G58110,0,0,3,3,0
AT3G62840,2,0,3,1,0
AT4G01310,2,1,3,1,0
AT4G15020,0,0,3,2,0
AT4G16500,0,2,3,2,0
AT4G31580,1,2,3,2,0
AT4G31700,0,1,3,0,0
AT4G39660,4,1,3,4,0
AT5G02960,4,4,3,6,0
AT5G04280,0,1,3,0,0
AT5G06850,4,5,3,13,0
AT5G13510,1,1,3,1,0
AT5G16780,3,0,3,3,0
AT5G20490,0,0,3,2,0
AT5G22440,0,3,3,4,0
AT5G24770,3,4,3,3,0
AT5G28060,3,2,3,2,0
AT5G35680,3,5,3,5,0
AT5G45775,1,3,3,5,0
AT5G46430,3,3,3,5,0
AT5G64270,0,0,3,2,0
ATCG00330,1,3,3,2,0
ATCG00780,4,1,3,5,0
AT1G75940,0,0,2,4,0
AT5G41580,1,2,2,3,0
AT5G22880,2,1,2,4,0
AT3G58500,0,0,2,5,0
AT5G10450,3,0,2,4,0
AT1G14410,2,0,2,3,0
AT1G26550,1,0,2,1,0
AT3G09500,3,4,2,6,0
AT2G38540,3,0,2,2,1
AT1G01090,1,1,2,1,0
AT1G09100,0,1,2,4,0
AT1G68790,0,0,0,0,0
AT4G33510,0,0,0,0,0
AT1G09270,0,0,2,1,0
AT2G34240,0,0,0,0,1
AT1G11860,0,0,2,1,0
AT1G11910,0,0,2,1,0
AT1G12910,0,0,2,2,0
AT1G15720,0,0,2,2,0
AT1G19870,0,0,2,0,0
AT1G48920,5,3,2,6,0
AT1G54060,0,0,2,1,0
AT1G57860,3,4,2,2,0
AT1G70320,0,0,2,4,0
AT1G73450,0,0,2,1,0
AT1G76880,0,0,2,3,0
AT1G80070,1,1,2,10,0
AT2G05990,0,0,2,6,0
AT2G06850,0,0,2,1,0
AT2G13360,2,1,2,2,0
AT2G20760,2,0,2,1,0
AT2G24270,1,0,2,2,0
AT2G27720,0,2,2,0,0
AT2G30000,0,0,2,0,0
AT2G33800,2,1,2,3,0
AT2G34040,4,1,2,3,0
AT2G36530,2,1,2,2,0
AT2G36880,0,3,2,2,0
AT2G37990,0,0,2,1,0
AT2G39800,1,5,2,3,0
AT2G42590,0,1,2,2,0
AT3G11830,0,0,2,0,0
AT3G09430,1,0,0,0,0
AT3G13350,0,0,2,3,0
AT3G16640,0,0,2,0,0
AT3G16780,4,3,2,5,0
AT3G16950,0,0,2,1,0
AT3G22230,1,2,2,3,0
AT3G24490,0,0,2,5,0
AT3G24860,0,0,2,4,0
AT3G26420,0,0,2,2,0
AT3G42170,0,0,2,1,0
AT3G50370,0,0,2,0,0
AT3G53430,1,1,2,2,0
AT1G18410,2,0,0,0,0
AT3G54210,1,2,2,5,0
AT4G00660,0,0,2,4,0
AT4G05420,0,0,2,0,0
AT4G08390,2,1,2,1,0
AT4G09320,2,0,2,3,0
AT4G11240,1,0,2,0,0
AT4G13940,0,0,2,14,0
AT4G16830,3,1,2,4,0
AT4G17060,0,0,2,3,0
AT4G24680,0,1,2,2,0
AT4G26630,1,2,2,5,0
AT4G26840,0,0,2,2,0
AT4G27090,3,2,2,3,0
AT4G35100,0,1,2,3,0
AT4G37910,0,0,2,6,0
AT4G38630,0,0,2,1,0
AT4G39200,1,4,2,3,0
AT5G01410,1,1,2,2,0
AT5G02790,1,0,2,1,0
AT5G03780,0,0,2,2,0
AT5G05550,0,0,2,1,0
AT5G11200,0,3,2,6,0
AT5G21274,4,1,2,0,0
AT5G22330,0,0,2,2,0
AT5G22650,5,4,2,4,0
AT5G23740,0,0,2,4,0
AT5G26360,1,0,2,1,0
AT5G44340,0,1,2,3,0
AT5G44500,3,0,2,1,0
AT5G46020,0,0,2,2,0
AT5G48230,0,1,2,1,0
AT5G48760,1,1,2,3,0
AT5G49460,0,0,2,1,0
AT5G55070,2,2,2,1,0
AT5G55190,3,0,2,5,0
AT5G57290,3,2,2,4,0
AT5G58470,2,1,2,3,0
ATCG00650,1,0,2,3,0
ATCG00770,1,1,2,2,0
AT4G39260,7,3,2,5,1
AT2G19730,3,3,1,3,2
AT5G40950,0,0,1,3,2
AT3G52580,2,2,1,2,1
AT1G78300,1,1,1,4,0
AT4G24280,0,1,1,2,0
AT5G54640,3,1,1,1,0
AT2G36160,1,1,1,1,0
AT5G37720,1,2,1,3,0
AT2G10940,1,2,1,1,0
AT1G02813,0,0,1,3,0
AT1G75910,0,1,1,3,0
AT2G38580,1,0,1,1,0
AT5G64140,0,0,1,0,0
AT4G29410,4,1,1,5,1
AT1G01100,1,1,1,1,0
AT1G02690,0,0,1,3,0
AT1G03330,2,0,1,1,0
AT1G04170,0,0,1,2,0
AT1G04750,0,0,1,1,0
AT1G09070,1,1,1,1,0
AT1G09640,0,0,1,8,0
AT1G09760,2,0,1,1,0
AT1G14320,2,4,1,3,0
AT1G14740,0,0,1,5,0
AT1G15270,1,4,1,3,0
AT1G15280,0,0,1,1,0
AT1G16800,0,1,1,2,0
AT1G16810,1,3,1,0,0
AT1G16970,2,1,1,5,0
AT1G20960,5,0,1,13,0
AT1G21500,1,1,1,1,0
AT1G24510,0,0,1,3,0
AT1G31080,0,2,1,3,0
AT1G31280,2,2,1,3,0
AT1G32990,0,0,1,1,0
AT1G36160,0,0,1,1,0
AT1G48050,2,1,1,5,0
AT1G50920,0,0,1,4,0
AT1G52360,0,0,1,1,0
AT1G54410,1,1,1,1,0
AT1G56580,0,1,1,2,0
AT1G65960,0,0,1,1,0
AT1G67310,0,0,1,2,0
AT1G68560,0,0,1,1,0
AT1G69620,1,1,1,1,0
AT1G69740,0,2,1,2,0
AT1G72610,1,0,1,1,0
AT1G75990,0,0,1,1,0
AT1G78290,0,0,1,0,0
AT1G79930,0,0,1,5,0
AT1G80940,6,3,1,7,0
AT2G18740,1,1,1,1,0
AT2G21330,1,0,1,1,0
AT2G21390,0,0,1,2,0
AT2G23740,0,0,1,3,0
AT2G29320,0,0,1,2,0
AT2G33210,0,0,1,2,0
AT2G34420,0,0,1,0,0
AT2G43530,0,0,1,1,0
AT2G45710,0,0,1,1,0
AT3G02260,0,0,1,3,0
AT3G03960,0,0,1,3,0
AT3G04260,0,0,1,1,0
AT3G04400,1,1,1,3,0
AT3G05060,1,0,1,1,0
AT3G07590,1,1,1,1,0
AT3G09880,1,0,1,0,0
AT3G11130,2,0,1,5,0
AT3G11910,0,0,1,2,0
AT3G12145,0,0,1,1,0
AT3G12580,1,0,1,3,0
AT3G12780,1,2,1,1,0
AT3G14180,0,0,1,3,0
AT3G14210,2,1,1,0,0
AT3G14420,0,2,1,0,0
AT3G14600,1,0,1,1,0
AT3G15000,0,1,1,1,0
AT3G17750,0,0,1,0,0
AT3G18035,1,0,1,2,0
AT3G07160,0,1,0,1,0
AT3G19895,0,0,1,1,0
AT3G20050,0,0,1,3,0
AT3G22330,0,1,1,1,0
AT3G22960,0,0,1,2,0
AT3G23620,0,0,1,3,0
AT3G25520,0,1,1,2,0
AT3G28790,0,0,1,1,0
AT3G54170,0,0,1,2,0
AT3G55800,1,1,1,1,0
AT3G56910,2,1,1,2,0
AT3G57150,0,0,1,2,0
AT3G58510,0,0,1,3,0
AT3G58570,1,0,1,1,0
AT3G58680,0,2,1,0,0
AT3G60040,0,0,1,0,0
AT3G60240,0,1,1,1,0
AT3G60370,0,0,1,1,0
AT3G60750,0,0,1,3,0
AT5G58770,2,1,0,1,1
AT3G63095,1,2,1,3,0
AT4G00100,1,1,1,2,0
AT4G02840,2,0,1,2,0
AT4G08950,1,0,1,2,0
AT4G09000,1,0,1,2,0
AT4G09730,0,0,1,3,0
AT4G14320,1,2,1,4,0
AT4G17330,0,0,1,6,0
AT4G17520,3,1,1,4,0
AT4G20360,0,0,1,3,0
AT4G22140,0,0,1,3,0
AT4G23670,1,0,1,2,0
AT4G24510,0,0,1,1,0
AT4G24550,1,1,1,3,0
AT4G25130,2,3,1,3,0
AT4G25630,1,2,1,3,0
AT4G29510,0,0,1,2,0
AT4G31490,0,0,1,1,0
AT4G31770,0,1,1,1,0
AT5G02610,1,1,1,2,0
AT5G03740,5,2,1,2,0
AT5G05230,0,0,1,1,0
AT5G09440,1,2,1,3,0
AT5G09510,1,1,1,2,0
AT5G12250,0,0,1,3,0
AT5G14670,2,0,1,0,0
AT5G16070,0,0,1,3,0
AT5G18400,0,0,1,2,0
AT5G20990,0,0,1,2,0
AT5G25230,0,0,1,2,0
AT5G25610,2,1,1,1,0
AT5G35630,0,0,1,0,0
AT5G45930,0,0,1,0,0
AT5G47190,2,1,1,6,0
AT5G47660,0,0,1,1,0
AT5G47700,4,0,1,2,0
AT5G51120,1,0,1,2,0
AT5G53300,0,1,1,1,0
AT5G53440,2,0,1,1,0
AT5G53480,0,0,1,1,0
AT5G55660,1,0,1,0,0
AT5G56600,0,1,1,0,0
AT5G56740,0,1,1,7,0
AT5G58290,0,0,1,1,0
AT5G58340,0,0,1,4,0
AT5G59850,1,0,1,1,0
AT5G59890,0,1,1,2,0
AT5G60960,0,2,1,2,0
AT5G62270,0,0,1,3,0
AT5G63120,2,2,1,2,0
AT5G64990,2,0,1,2,0
AT5G66190,1,1,1,5,0
ATCG00120,1,0,1,3,0
ATCG00160,1,0,1,1,0
ATCG00480,2,1,1,4,0
ATCG00740,0,0,1,3,0
ATCG01120,0,1,1,1,0
AT1G54850,0,0,0,0,0
AT3G46580,0,0,0,0,0
AT1G76440,0,0,0,0,0
AT1G05190,0,0,0,0,0
AT5G59380,0,0,0,0,0
AT3G16470,0,0,0,9,0
AT5G20630,0,0,0,0,1
AT3G61310,0,0,0,1,0
AT5G16130,0,0,0,0,0
AT1G10590,0,0,0,0,0
AT2G35530,0,0,0,0,0
AT3G14310,2,3,0,3,0
AT5G65220,0,1,0,2,1
AT2G05920,0,0,0,1,0
AT1G52030,1,1,0,3,0
AT3G10610,0,0,0,0,0
AT1G48610,0,0,0,1,0
AT1G63470,0,0,0,0,0
AT2G44210,0,0,0,0,0
AT3G55620,1,0,0,0,0
AT5G03850,1,0,0,0,0
AT2G30620,5,0,0,6,0
AT1G07320,1,0,0,1,0
AT1G23240,0,0,0,0,0
AT1G52040,0,0,0,2,0
AT1G52740,1,0,0,0,0
AT3G02520,0,0,0,0,0
AT4G38540,0,0,0,0,0
AT5G46640,0,0,0,0,0
AT5G51590,0,0,0,2,0
AT1G61730,0,0,0,0,2
AT1G07790,0,1,0,1,0
AT1G65590,0,0,0,0,0
AT2G20490,0,0,0,1,0
AT5G14920,0,0,0,0,0
AT1G01320,0,0,0,3,0
AT1G01620,0,0,0,2,0
AT1G04280,3,3,0,6,0
AT1G04510,0,0,0,3,0
AT1G06000,0,1,0,1,0
AT1G09770,0,0,0,2,0
AT1G10580,0,0,0,2,0
AT1G12380,0,0,0,3,0
AT1G12570,1,1,0,0,0
AT1G14810,0,0,0,1,0
AT1G15290,0,0,0,2,0
AT1G18080,0,0,0,2,0
AT1G18450,0,0,0,2,0
AT1G18610,0,0,0,4,0
AT1G19520,0,0,0,2,0
AT1G27400,1,0,0,2,0
AT1G28290,0,1,0,0,0
AT1G30680,0,0,0,2,0
AT1G32060,0,1,0,0,0
AT1G45000,0,0,0,1,0
AT1G47250,0,0,0,3,0
AT1G50010,0,0,0,0,0
AT1G53840,0,0,0,1,0
AT1G60770,0,1,0,2,0
AT1G61430,0,1,0,0,0
AT1G72370,0,0,0,2,0
AT1G73230,0,1,0,0,0
AT1G76180,0,0,0,2,0
AT1G77180,0,0,0,2,0
AT1G77590,0,0,0,1,0
AT1G79370,0,0,0,1,0
AT2G01970,0,1,0,1,0
AT2G02740,2,0,0,1,0
AT2G04030,2,0,0,4,0
AT2G04860,0,0,0,1,0
AT2G15400,0,0,0,1,0
AT2G17560,0,0,0,1,0
AT2G22560,0,0,0,0,0
AT2G23390,1,0,0,1,0
AT2G25670,2,1,0,2,0
AT2G28950,1,0,0,1,0
AT2G32730,0,0,0,3,0
AT2G33845,1,0,0,0,0
AT2G35110,0,0,0,2,0
AT2G36580,0,0,0,2,0
AT2G38040,0,0,0,5,0
AT2G40060,4,3,0,4,0
AT2G43550,1,2,0,2,0
AT2G43770,0,0,0,1,0
AT2G45640,2,0,0,0,0
AT3G05220,0,1,0,0,0
AT3G07170,0,0,0,1,0
AT3G11100,0,0,0,5,0
AT3G12020,1,0,0,0,0
AT3G12910,0,0,0,0,0
AT3G18780,0,0,0,4,0
AT3G21810,0,0,0,2,0
AT3G22110,0,0,0,3,0
AT3G22220,0,0,0,2,0
AT3G25530,2,1,0,2,0
AT3G49430,1,1,0,2,0
AT3G51010,0,0,0,1,0
AT3G51240,0,0,0,2,0
AT3G53460,1,1,0,3,0
AT3G53750,0,0,0,1,0
AT3G53870,0,0,0,2,0
AT3G54280,2,0,0,0,0
AT3G56070,2,0,0,0,0
AT3G59970,0,0,0,2,0
AT3G61430,0,1,0,1,0
AT3G62120,0,0,0,3,0
AT4G00430,0,0,0,1,0
AT4G02150,0,0,0,3,0
AT4G09800,0,0,0,2,0
AT4G13710,0,1,0,2,0
AT4G13930,1,0,0,2,0
AT4G15900,0,0,0,2,0
AT4G17090,0,1,0,1,0
AT4G18465,0,0,0,3,0
AT4G23630,1,2,0,0,0
AT4G24130,0,2,0,2,0
AT4G24820,0,0,0,2,0
AT4G28190,0,0,0,1,0
AT4G29040,0,0,0,3,0
AT4G29350,0,0,0,1,0
AT4G31990,0,1,0,1,0
AT4G33400,0,0,0,1,0
AT4G34360,0,0,0,1,0
AT4G34450,0,0,0,1,0
AT4G34555,0,0,0,1,0
AT4G36680,1,0,0,3,0
AT4G38740,0,0,0,1,0
AT4G38780,0,0,0,1,0
AT4G39680,1,0,0,5,0
AT5G01600,0,0,0,3,0
AT5G02240,0,1,0,1,0
AT5G04290,0,0,0,1,0
AT5G05010,0,0,0,2,0
AT5G08690,0,2,0,6,0
AT5G11710,1,0,0,2,0
AT5G12940,0,0,0,1,0
AT5G14320,1,1,0,3,0
AT5G16870,1,0,0,0,0
AT5G19510,2,0,0,2,0
AT5G19990,0,0,0,2,0
AT5G20240,0,0,0,1,0
AT5G22580,0,0,0,1,0
AT5G23860,0,0,0,1,0
AT5G24165,0,2,0,1,0
AT5G28540,0,0,0,1,0
AT5G35330,2,0,0,0,0
AT5G35360,0,0,0,2,0
AT5G38480,0,1,0,1,0
AT5G41520,1,0,0,2,0
AT5G42400,1,0,0,0,0
AT5G44800,0,0,0,3,0
AT5G48385,1,0,0,2,0
AT5G51550,0,0,0,1,0
AT5G52820,0,0,0,1,0
AT5G53820,1,0,0,0,0
AT5G54920,1,1,0,0,0
AT5G60980,0,1,0,2,0
AT5G62670,1,0,0,0,0
AT5G64040,1,0,0,2,0
AT5G65750,0,1,0,1,0
AT5G66860,0,0,0,1,0
ATCG00170,0,0,0,3,0
ATCG00500,0,0,0,2,0
ATCG00750,1,2,0,0,0
ATCG00800,0,0,0,2,0
ATMG00290,0,0,0,1,0
AT1G16030,3,0,0,0,1
AT5G11720,0,0,0,0,1
AT5G59370,4,0,0,0,2
